rider_id,name,city,signup_date
1,Sharon Armstrong,Hyderabad,2024-07-23
2,Robert Oneal,Mumbai,2024-03-30
3,April Rodgers,Mumbai,2024-05-11
4,Veronica Martinez,Pune,2025-12-02
5,Katherine Miller,Pune,2024-08-31
6,Madison Nelson,Mumbai,2026-02-09
7,Brittany Decker,Mumbai,2025-03-26
8,Jason Werner,Bangalore,2024-07-08
9,Christopher Kelley,Pune,2026-02-04
10,William Garcia,Mumbai,2026-02-16
11,Rebecca Jones,Delhi,2024-07-03
12,Austin Sanders,Hyderabad,2026-01-20
13,Daniel Porter,Mumbai,2026-01-11
14,David Moore,Delhi,2024-03-31
15,Crystal Mcmillan,Bangalore,2024-07-27
16,Nicholas Vargas,Pune,2025-11-18
17,Daniel Black,Delhi,2025-06-29
18,Alan Williams,Hyderabad,2024-10-30
19,Nathaniel Rogers,Hyderabad,2025-03-23
20,Adam Merritt Jr.,Pune,2024-10-16
21,Dana Nielsen,Bangalore,2025-10-03
22,Amanda Richardson,Mumbai,2025-09-05
23,Zachary Franklin,Bangalore,2024-03-01
24,Regina Howard,Mumbai,2026-01-20
25,Nathan Anderson,Bangalore,2024-04-16
26,Beverly Smith,Mumbai,2025-06-25
27,Bonnie Mason,Mumbai,2025-05-21
28,Edward Odonnell,Mumbai,2025-10-22
29,Kelly Blevins,Mumbai,2025-02-27
30,Nathan Hernandez,Bangalore,2025-07-09
31,Courtney Cole,Pune,2024-04-18
32,Brittany Bass,Delhi,2026-01-21
33,Monica Daniel,Bangalore,2025-03-19
34,Christopher Cox,Delhi,2024-04-24
35,Tara Velez,Hyderabad,2024-11-03
36,Natalie Anderson,Mumbai,2026-02-26
37,Andrew Burton,Hyderabad,2025-01-02
38,Linda Hopkins,Bangalore,2024-03-31
39,Robert Cole,Hyderabad,2025-09-20
40,Jessica Mayer,Hyderabad,2025-10-28
41,Zachary Robinson,Delhi,2026-02-27
42,Thomas Francis,Bangalore,2025-02-21
43,Amanda Mullen,Delhi,2025-07-09
44,Julie House,Mumbai,2024-12-22
45,Brittany Stevenson,Delhi,2024-07-20
46,Joanna Contreras,Pune,2024-03-11
47,Valerie Holmes,Mumbai,2024-07-27
48,Natalie Gutierrez,Delhi,2024-06-27
49,Amanda Pope,Delhi,2024-04-18
50,Lisa Flores,Delhi,2025-12-28
51,Lisa Dyer,Bangalore,2026-01-11
52,Tina Reed,Mumbai,2024-12-08
53,Michael Stanley,Bangalore,2025-05-25
54,Gerald Costa,Hyderabad,2025-03-13
55,Jason Harris,Bangalore,2024-10-08
56,Jennifer Vasquez,Pune,2025-09-03
57,Denise Fields,Pune,2024-10-24
58,Luis Perez PhD,Delhi,2024-10-14
59,Mr. Cody Valenzuela,Mumbai,2024-05-21
60,Jody Howard,Mumbai,2025-07-31
61,Linda Cervantes,Mumbai,2025-11-02
62,Jeffrey Bradley,Bangalore,2026-01-01
63,Becky Obrien,Mumbai,2025-09-11
64,Melinda Brooks MD,Mumbai,2025-09-01
65,Michael Knight,Mumbai,2025-11-30
66,Jennifer Washington,Delhi,2024-09-08
67,Dr. Bonnie Anderson,Mumbai,2025-11-18
68,William Martin,Hyderabad,2025-09-22
69,Mitchell Peck,Bangalore,2024-09-23
70,Ryan Lopez,Mumbai,2024-10-25
71,Edward Rogers,Bangalore,2025-04-13
72,Gloria Gomez,Delhi,2024-09-30
73,Mark Williamson,Delhi,2025-01-21
74,Pamela Flores,Mumbai,2025-08-13
75,Michael Bailey,Bangalore,2024-09-02
76,Ashley Wilkerson,Mumbai,2025-02-26
77,Dr. Derek James,Delhi,2025-01-18
78,Ernest Sanders,Pune,2024-06-07
79,Anthony Trevino,Delhi,2024-05-27
80,Chelsea Owens,Bangalore,2024-05-17
81,William Mullins,Mumbai,2024-10-29
82,Rebekah Solomon,Hyderabad,2025-08-21
83,Suzanne Freeman,Mumbai,2025-04-16
84,Carrie Gonzalez,Hyderabad,2024-08-19
85,Gregory Morales,Hyderabad,2024-03-20
86,Scott Garcia,Hyderabad,2025-01-13
87,Lisa Barnes,Bangalore,2024-08-31
88,Stephen King,Bangalore,2024-06-24
89,Herbert Manning,Mumbai,2026-02-09
90,Margaret Rivera,Bangalore,2025-09-28
91,Sean Hernandez,Delhi,2024-06-23
92,Christina Gonzalez,Bangalore,2025-09-02
93,Benjamin Pratt,Hyderabad,2024-09-04
94,Lisa Holland MD,Bangalore,2025-01-07
95,Amanda Rivas,Delhi,2024-03-19
96,Mario Griffin,Delhi,2025-08-23
97,Laurie Robbins,Mumbai,2025-03-06
98,Olivia Mcmillan,Bangalore,2024-06-09
99,Alexandra Miller,Hyderabad,2024-06-03
100,Lori Robinson,Hyderabad,2024-03-10
101,Adam Cole,Mumbai,2024-05-19
102,Robin Short,Bangalore,2024-10-28
103,Rachel Lara,Delhi,2025-05-18
104,Hannah Romero,Mumbai,2024-08-08
105,Frank Turner,Pune,2026-02-05
106,Jamie Gonzalez,Delhi,2024-03-02
107,Diana Frye MD,Bangalore,2024-09-11
108,Alexis Davis,Bangalore,2026-01-04
109,Jessica Jones,Pune,2025-03-06
110,John Smith,Mumbai,2025-02-05
111,Lisa Gonzalez,Hyderabad,2025-08-15
112,Jeanette Bailey,Hyderabad,2024-05-04
113,Larry Charles,Pune,2024-07-03
114,Henry Tran,Bangalore,2025-02-01
115,William Boyle,Mumbai,2025-05-22
116,Kathy Cook,Delhi,2025-04-12
117,Maria Campos,Pune,2024-06-01
118,Eric Buck,Bangalore,2024-10-26
119,Joshua Contreras,Delhi,2025-05-16
120,Scott Greene,Pune,2025-04-12
121,Sherri Ayers,Delhi,2024-11-13
122,Crystal Wright,Hyderabad,2025-07-27
123,Jennifer Hall,Pune,2025-02-03
124,Stephanie Camacho,Delhi,2026-01-19
125,Cindy Lee,Delhi,2026-01-13
126,Andrea Garcia,Pune,2024-06-07
127,Maria Price,Bangalore,2024-10-24
128,Yesenia Levy,Delhi,2024-05-30
129,Daniel Wheeler,Hyderabad,2025-02-23
130,Cynthia Blackwell,Hyderabad,2024-10-18
131,Bethany Pena,Pune,2024-11-19
132,Robert Adkins,Mumbai,2025-05-08
133,Elizabeth Armstrong,Bangalore,2024-10-21
134,Brandi Pitts,Mumbai,2024-11-13
135,Willie Bishop,Delhi,2025-08-09
136,Stephen Sharp,Delhi,2025-05-24
137,Kelly Baldwin,Mumbai,2024-07-16
138,Jessica Anderson,Bangalore,2024-04-02
139,Todd Johnson,Hyderabad,2024-10-02
140,Paul Osborn,Bangalore,2025-01-23
141,Stephanie Daniel,Mumbai,2026-02-23
142,Vanessa Chavez,Bangalore,2024-03-25
143,Tina Thompson,Delhi,2025-04-20
144,Bryan Lucas,Mumbai,2024-10-06
145,Erin Baker,Mumbai,2026-01-31
146,Christine Sanchez,Pune,2025-08-06
147,Tammy Marshall,Mumbai,2024-07-19
148,James Lawson,Pune,2025-07-26
149,Tracy Reed,Pune,2024-04-29
150,Michael Martinez,Mumbai,2025-06-13
151,Alexander Brown,Hyderabad,2025-04-07
152,Michael Butler,Pune,2024-07-22
153,Nancy Warner,Pune,2025-05-13
154,Patty Lin,Pune,2024-03-15
155,Christy Johnson,Pune,2024-07-15
156,Amanda Welch,Hyderabad,2024-05-01
157,Jordan Haynes,Delhi,2024-05-21
158,Daniel Acevedo,Pune,2025-03-31
159,Monica Smith,Hyderabad,2024-05-12
160,Jonathan Randall,Hyderabad,2025-07-31
161,Raymond Lee,Hyderabad,2025-03-02
162,Brandon Simpson,Pune,2025-02-17
163,Molly Hebert,Pune,2024-11-11
164,Brett Diaz,Hyderabad,2025-04-17
165,Jennifer Green,Hyderabad,2024-07-04
166,Carly Simon,Mumbai,2025-07-14
167,Diana Butler,Hyderabad,2025-11-19
168,Amanda Young,Hyderabad,2025-01-30
169,Devon Le,Hyderabad,2024-05-24
170,Michael Gross,Bangalore,2025-09-08
171,Darren Coleman,Mumbai,2025-01-25
172,Ernest Brown,Mumbai,2025-05-22
173,Nathan Haynes,Bangalore,2025-01-27
174,Lisa Mcgee,Hyderabad,2024-07-17
175,Gary Wagner,Hyderabad,2025-07-31
176,Traci Brown,Hyderabad,2024-07-28
177,Alex Poole,Bangalore,2025-05-02
178,Ashlee Horton,Pune,2025-04-26
179,Sandra Rodriguez,Bangalore,2024-04-01
180,Lisa Phillips,Hyderabad,2025-06-13
181,Brittany Cisneros MD,Mumbai,2026-01-09
182,Harry Williams,Hyderabad,2025-11-08
183,Jonathan Davis,Bangalore,2025-07-07
184,Paul Perez,Bangalore,2025-07-08
185,Bryan Holland,Hyderabad,2024-04-17
186,Ashley Rios,Bangalore,2025-01-24
187,Steven Perez,Hyderabad,2025-06-23
188,Angel Mcmillan,Mumbai,2025-08-27
189,Madison Carpenter,Hyderabad,2025-07-27
190,Danielle Beard,Hyderabad,2025-03-29
191,Andrea Baker,Bangalore,2025-10-04
192,Mrs. Marissa Valentine PhD,Pune,2025-10-14
193,Michael Johnson,Delhi,2024-06-22
194,Jacob Ramsey,Pune,2025-01-14
195,Jim Ellis,Mumbai,2024-04-19
196,Danielle Li,Hyderabad,2024-04-26
197,Elizabeth Davis,Hyderabad,2025-07-09
198,Jessica Smith,Delhi,2025-09-09
199,Jason Hale,Hyderabad,2024-09-24
200,Michael Hendrix,Pune,2024-06-16
201,Richard Preston,Bangalore,2026-02-03
202,Paula Vance,Delhi,2025-01-24
203,Dale Hopkins,Pune,2026-01-10
204,Adam Castillo,Hyderabad,2025-04-14
205,Arthur Kennedy,Delhi,2024-09-09
206,Michelle Brock,Mumbai,2024-08-29
207,Ricky Morgan,Mumbai,2024-10-07
208,Madison Everett,Delhi,2025-08-10
209,Sandra Snyder,Bangalore,2024-03-10
210,Danielle Espinoza,Mumbai,2026-01-31
211,Ariel Wilson,Hyderabad,2024-04-30
212,Francis Warren,Bangalore,2025-05-14
213,Jeremy Little,Hyderabad,2025-03-21
214,Sara Gentry,Hyderabad,2025-01-16
215,Cassandra Suarez,Bangalore,2025-05-01
216,Maria Mack,Delhi,2025-04-03
217,Steven Francis,Delhi,2024-11-26
218,Melissa Edwards,Mumbai,2024-04-16
219,Melinda Williams,Pune,2025-09-12
220,Manuel Bradshaw,Bangalore,2024-08-09
221,Seth Rogers,Bangalore,2025-04-09
222,Lisa Nelson,Mumbai,2024-04-05
223,John Lowe,Pune,2025-03-28
224,Whitney Huff,Bangalore,2025-03-11
225,David Chavez,Pune,2025-11-20
226,Mike Gray,Delhi,2024-05-24
227,Adam Vasquez,Mumbai,2024-12-31
228,Anne Hartman,Pune,2025-11-24
229,Frank Larson,Pune,2025-11-06
230,Bryan Duncan,Mumbai,2024-05-19
231,Cory Sanchez,Bangalore,2025-07-10
232,Brian Mccoy,Bangalore,2025-01-07
233,Abigail Bridges,Hyderabad,2025-06-20
234,William Adkins,Mumbai,2025-11-24
235,Robert Bailey,Mumbai,2024-06-22
236,Andrea Cordova,Bangalore,2024-12-13
237,Lance Strong,Hyderabad,2024-09-03
238,Sarah Mejia,Delhi,2024-04-14
239,Andrea Conner,Pune,2025-10-18
240,Robert Mckee,Pune,2024-12-03
241,Diana Rush,Hyderabad,2025-06-04
242,Amy Henderson,Delhi,2025-04-03
243,Shelly Alvarado,Pune,2025-12-29
244,Tiffany Diaz,Mumbai,2025-04-30
245,Denise Velasquez,Bangalore,2025-10-07
246,John Calhoun,Bangalore,2025-05-12
247,Jodi Nicholson,Mumbai,2025-11-18
248,Dominique Johnson,Bangalore,2025-01-11
249,Elizabeth Benjamin,Hyderabad,2026-01-20
250,Katelyn Tate PhD,Hyderabad,2026-01-28
251,Angelica Fields,Delhi,2024-08-26
252,Benjamin Elliott,Bangalore,2025-12-06
253,Fernando Watkins,Bangalore,2026-01-10
254,Ernest Smith,Bangalore,2024-06-06
255,Patricia Richardson,Delhi,2025-05-13
256,Alexander Bradley,Hyderabad,2025-09-01
257,Timothy Le,Pune,2024-07-09
258,Steven Ray,Bangalore,2025-05-08
259,Kimberly Norris,Mumbai,2026-01-28
260,Pamela Richmond,Delhi,2025-07-31
261,Justin Murphy,Delhi,2025-01-23
262,Kelly Bryant,Pune,2025-06-27
263,Scott Stuart,Mumbai,2024-08-10
264,Donna Smith,Hyderabad,2025-12-19
265,Sarah Martinez,Mumbai,2025-06-02
266,Tracey Scott,Bangalore,2024-05-13
267,Kevin Davis,Hyderabad,2025-10-14
268,Jessica Dennis,Delhi,2024-04-25
269,Mary Baker,Pune,2025-05-15
270,Michelle Kelly,Pune,2025-06-09
271,Rebekah Carr,Bangalore,2025-09-02
272,Amanda Gilbert,Delhi,2025-04-24
273,Patrick Stewart,Pune,2025-08-17
274,Christian Marshall,Delhi,2025-12-12
275,Edward Baxter,Delhi,2024-04-07
276,Russell Nguyen,Delhi,2024-11-06
277,Suzanne Torres,Pune,2025-01-26
278,Gary Rose,Bangalore,2025-10-06
279,Teresa Reeves,Delhi,2024-10-11
280,Isaiah Rogers,Delhi,2024-07-08
281,Michael Griffin,Pune,2024-09-25
282,Adam Schmidt,Delhi,2024-12-08
283,Donna Paul,Mumbai,2024-12-20
284,Lauren Carroll,Pune,2024-10-02
285,Brandi Dominguez,Bangalore,2024-12-22
286,James Gonzales,Bangalore,2025-11-28
287,Kimberly Joyce,Delhi,2026-02-01
288,Nicholas Brown,Hyderabad,2024-11-29
289,Catherine Mccarthy,Hyderabad,2024-07-17
290,Joshua Lee,Delhi,2025-08-06
291,Robert Blair,Mumbai,2025-05-21
292,Charlotte Garcia,Pune,2024-09-13
293,Derek Scott,Hyderabad,2026-02-02
294,Daniel Giles,Mumbai,2025-05-19
295,Samuel Davis,Delhi,2026-01-14
296,Kim Cunningham,Delhi,2025-03-24
297,Robert Jones,Hyderabad,2024-11-13
298,Laura Ortiz,Delhi,2024-06-10
299,Michael Thomas,Pune,2025-06-09
300,Sarah Fuller,Pune,2025-02-15
301,Faith Rodriguez,Delhi,2024-09-22
302,Cody Turner,Hyderabad,2025-03-09
303,Katherine Baird,Delhi,2025-12-06
304,Jared Valencia,Bangalore,2025-06-30
305,Victor Harris,Mumbai,2025-08-24
306,Andrew Patton,Mumbai,2025-11-11
307,George Lynch,Hyderabad,2025-05-02
308,Christopher Keller,Mumbai,2024-04-04
309,Shelby Taylor,Hyderabad,2024-05-20
310,Destiny Stanley,Mumbai,2025-07-28
311,Carlos Hodge,Bangalore,2024-10-10
312,Frederick Davis,Bangalore,2025-05-01
313,David Bryant,Mumbai,2025-12-18
314,April Brown,Mumbai,2024-03-24
315,Melinda Hughes,Bangalore,2024-10-10
316,Donna Carter DVM,Bangalore,2025-02-09
317,Luke Silva,Pune,2026-01-23
318,Jennifer Mann,Delhi,2025-12-11
319,Tyler Tucker,Pune,2025-02-23
320,Kimberly Harris,Hyderabad,2025-09-22
321,William Andrews,Delhi,2026-02-07
322,Leroy Alvarez,Mumbai,2024-03-29
323,Cameron Lewis,Bangalore,2025-01-11
324,Anthony Hill,Mumbai,2026-02-10
325,Anthony Young,Bangalore,2025-12-28
326,Douglas Moore DDS,Bangalore,2025-07-30
327,Tina Lutz,Delhi,2024-08-10
328,John Rojas,Mumbai,2025-11-11
329,Jay Dawson,Bangalore,2025-06-06
330,Emily Perez,Pune,2025-04-29
331,Christopher White,Pune,2025-01-05
332,Kelly Williams,Pune,2025-04-28
333,Elizabeth Stark,Pune,2024-09-05
334,Traci Hunt,Hyderabad,2025-11-25
335,Emma Kim,Mumbai,2024-06-19
336,Lucas Ware,Hyderabad,2025-07-05
337,Nicholas Weaver,Hyderabad,2024-08-20
338,Tabitha Phillips,Bangalore,2025-06-28
339,Michael Sharp,Bangalore,2024-08-31
340,Luis Barber,Bangalore,2024-10-04
341,Michael Carrillo,Hyderabad,2025-06-02
342,Stephanie Williams,Hyderabad,2025-01-12
343,Jennifer Martin,Bangalore,2025-01-13
344,Linda Wilson,Mumbai,2024-06-07
345,Linda Johnson,Delhi,2025-10-09
346,Emily Fisher,Hyderabad,2025-01-26
347,Laura Torres,Pune,2025-04-24
348,Sandra Valdez,Pune,2026-01-05
349,Charles Davis,Hyderabad,2024-09-05
350,Amy Miller,Bangalore,2024-11-11
351,John Wood,Pune,2024-07-11
352,Alicia Randall,Bangalore,2024-09-12
353,Mary Jackson,Bangalore,2025-09-27
354,Dustin Garrett,Delhi,2024-04-19
355,Heather Larson,Bangalore,2024-07-30
356,Dakota Holmes,Hyderabad,2025-10-07
357,Kimberly Snow,Pune,2024-09-15
358,James Blankenship,Bangalore,2024-03-15
359,Kathryn Ibarra,Hyderabad,2024-08-06
360,Jerry Allen,Hyderabad,2025-07-03
361,Jared King,Hyderabad,2024-12-29
362,Lisa Jones,Pune,2025-11-12
363,Andrea Bryant,Hyderabad,2025-02-18
364,Pamela Smith,Bangalore,2026-02-06
365,Brian Rivera,Delhi,2025-10-19
366,Joshua Ramirez,Hyderabad,2025-11-26
367,Stephen Lynn,Pune,2024-03-22
368,Larry Mitchell,Hyderabad,2024-07-18
369,Sara Mann,Pune,2024-08-23
370,Brandon Nichols,Bangalore,2025-04-24
371,Shane Morales,Bangalore,2024-03-26
372,Jennifer Williams,Pune,2024-05-22
373,Daniel Calhoun,Mumbai,2025-04-01
374,Aaron Petersen,Mumbai,2025-09-05
375,Deborah Thornton MD,Mumbai,2025-06-09
376,Lisa Vargas,Mumbai,2026-02-20
377,Joshua Compton,Delhi,2024-05-13
378,Juan Davis,Bangalore,2026-02-14
379,Russell Fuller,Hyderabad,2024-05-08
380,Stacy Davis,Pune,2024-06-26
381,Tonya Ward,Hyderabad,2025-03-12
382,Matthew Conner,Hyderabad,2025-09-06
383,Whitney Foley,Delhi,2025-10-11
384,Mary Wright,Bangalore,2025-03-24
385,Gary Zimmerman,Pune,2025-12-22
386,Aaron Moss,Hyderabad,2026-02-20
387,Lisa Wood,Mumbai,2024-09-30
388,Nicholas Clay,Hyderabad,2024-03-14
389,Katie Meza,Pune,2025-09-20
390,Evelyn Clark,Delhi,2025-06-15
391,Jimmy Ross,Pune,2024-04-06
392,Benjamin Brown,Hyderabad,2025-12-05
393,Lisa Douglas,Pune,2025-12-06
394,Brittany Sanchez MD,Pune,2025-01-24
395,Michael Ryan,Delhi,2025-02-15
396,Sue Ball,Mumbai,2024-12-13
397,Morgan Boyer,Hyderabad,2024-04-15
398,Cassie Hanson,Bangalore,2025-09-17
399,Michael Snyder,Hyderabad,2025-09-01
400,Amanda Holloway,Bangalore,2024-08-12
401,Maria Gutierrez,Mumbai,2024-12-01
402,Shawn Williams,Pune,2025-07-26
403,Megan Thomas,Bangalore,2025-04-12
404,Alexander Miller,Pune,2024-11-21
405,Tracie Conley,Mumbai,2024-05-13
406,Christina Morales,Mumbai,2025-03-22
407,Jasmine Fernandez,Bangalore,2026-02-17
408,Christopher Benton,Hyderabad,2025-07-10
409,Stuart Middleton,Pune,2024-10-01
410,Brandon Johnson,Bangalore,2025-04-14
411,Harry Jones,Mumbai,2025-11-12
412,Matthew Wagner,Mumbai,2024-09-21
413,John Riggs,Pune,2024-06-16
414,Crystal Bailey,Bangalore,2025-12-18
415,Christopher Gonzales,Hyderabad,2026-02-18
416,Corey Sims,Pune,2024-07-17
417,Lori Thompson,Mumbai,2024-10-04
418,Stephanie Walters,Bangalore,2025-06-05
419,Tammy Butler,Mumbai,2025-04-26
420,Laura Elliott,Mumbai,2024-10-12
421,Russell Alvarado,Bangalore,2024-12-05
422,Jared Murphy,Mumbai,2025-02-20
423,Leslie Thompson,Mumbai,2025-06-23
424,Scott Collins,Hyderabad,2026-02-07
425,Bethany Adams,Hyderabad,2025-09-29
426,Dennis Hernandez,Bangalore,2025-04-04
427,Amber Davis,Pune,2024-06-02
428,Barbara Clarke,Hyderabad,2024-05-14
429,April Juarez,Bangalore,2025-09-30
430,Michael Nguyen,Delhi,2025-08-04
431,James Brown,Delhi,2024-11-30
432,Scott Reynolds,Bangalore,2025-06-10
433,Michelle Gonzalez,Mumbai,2024-04-11
434,Gary Guerrero,Pune,2025-05-26
435,Lucas Dorsey,Bangalore,2024-05-28
436,Hannah Robertson,Bangalore,2025-01-07
437,Richard Gay,Bangalore,2024-04-13
438,Patty Frye,Hyderabad,2026-01-16
439,Lauren Murphy,Pune,2024-03-07
440,Melissa Smith,Pune,2025-07-21
441,Vincent Anderson,Bangalore,2025-01-09
442,Sarah Mcfarland,Bangalore,2025-11-27
443,Jesse Carter,Bangalore,2024-10-18
444,Jo Berg,Bangalore,2026-02-05
445,David Prince,Delhi,2025-07-25
446,Sean Wong,Delhi,2024-06-28
447,Lonnie Hernandez MD,Pune,2024-08-17
448,Felicia Torres,Mumbai,2025-05-12
449,Michael Hale,Pune,2025-01-11
450,Matthew Baker,Hyderabad,2024-03-06
451,Natasha Frost,Mumbai,2026-01-18
452,Elizabeth Delgado,Hyderabad,2026-01-31
453,James Richardson,Bangalore,2024-11-17
454,Andrew Newton,Mumbai,2025-03-05
455,Justin Young,Mumbai,2025-05-09
456,Michael Nelson,Delhi,2024-10-11
457,Thomas Davis,Bangalore,2026-01-17
458,Shannon Johnson,Delhi,2024-09-07
459,Jason Ponce,Pune,2024-05-27
460,Brandon Singh,Pune,2024-06-04
461,Jennifer Bryant,Delhi,2024-07-29
462,Wendy Hernandez,Bangalore,2025-10-19
463,Jasmine Kelly,Delhi,2025-12-25
464,Dakota Mccormick,Hyderabad,2026-02-05
465,Melissa White,Pune,2024-06-10
466,Carol Salinas,Mumbai,2024-03-22
467,Paul Benson,Hyderabad,2025-04-25
468,Mark Smith,Hyderabad,2025-10-06
469,Karen Smith,Mumbai,2025-10-31
470,Harry Lee,Hyderabad,2025-07-16
471,Alyssa Conway,Hyderabad,2024-11-28
472,Lee Calderon,Bangalore,2025-08-16
473,Chris Davis,Mumbai,2025-09-07
474,Joshua Davis,Hyderabad,2024-03-18
475,Amanda Castillo,Bangalore,2025-04-25
476,Cesar Fisher,Hyderabad,2025-05-23
477,Erin Livingston,Bangalore,2025-07-15
478,Kyle Gibson,Mumbai,2025-12-19
479,Elizabeth Moran,Bangalore,2024-09-20
480,Joanna Gonzalez,Delhi,2024-08-03
481,Anna Hamilton,Bangalore,2025-01-01
482,Michael Cardenas,Mumbai,2025-12-31
483,Stephanie Kelley,Delhi,2024-11-12
484,Christopher Brewer,Pune,2025-03-06
485,Wendy Woods,Pune,2025-07-06
486,Crystal Coleman,Delhi,2024-10-10
487,Nancy Zimmerman,Hyderabad,2024-07-07
488,Lindsay Norman,Pune,2024-07-10
489,Shawn Gibson,Hyderabad,2024-11-23
490,Kristin Mckinney,Mumbai,2025-11-21
491,Kathryn Booth,Bangalore,2024-05-22
492,Larry Morrow,Delhi,2024-12-14
493,Stacy Johnson,Bangalore,2026-01-28
494,Lisa Berger,Mumbai,2024-11-19
495,Robert Marquez,Bangalore,2025-08-03
496,Antonio Shepherd,Delhi,2025-07-28
497,Rodney Butler PhD,Mumbai,2024-03-14
498,Donald Harris,Delhi,2024-10-17
499,Timothy Brown,Hyderabad,2025-12-02
500,Denise Alexander,Bangalore,2026-02-01
501,Brianna Lee,Mumbai,2025-10-04
502,Kurt Mccormick,Bangalore,2025-02-19
503,Dawn Crosby,Delhi,2024-12-18
504,Michael Henderson,Delhi,2025-08-06
505,Jessica Hill,Delhi,2026-02-17
506,Kyle Leach,Mumbai,2025-04-07
507,Christina Daniel,Bangalore,2025-11-27
508,Cody Butler Jr.,Bangalore,2024-11-05
509,Craig Long,Pune,2026-01-01
510,Kathy Turner,Mumbai,2025-11-04
511,Mr. Jeffrey Kelley,Bangalore,2025-02-25
512,Steven Lloyd,Bangalore,2024-12-07
513,Tina Brown,Mumbai,2024-08-17
514,Megan Porter,Bangalore,2026-02-10
515,Christina Nash,Mumbai,2025-01-23
516,Laura Rivera,Delhi,2024-03-23
517,Jacob Smith,Hyderabad,2024-11-06
518,Gerald Adams,Bangalore,2025-09-30
519,Carlos Johnson PhD,Delhi,2025-12-03
520,Theresa Rodriguez,Hyderabad,2025-10-28
521,Melinda Cardenas,Pune,2025-05-26
522,Kathryn Smith,Pune,2025-02-26
523,Caleb Atkinson,Pune,2024-05-05
524,Patricia Wong,Bangalore,2025-11-13
525,Jennifer Wood,Mumbai,2025-06-25
526,Joseph Porter,Delhi,2024-03-17
527,Cassidy Benton,Hyderabad,2025-01-22
528,Jose Maynard,Mumbai,2025-03-12
529,Don Moss,Hyderabad,2024-12-15
530,Clinton Taylor,Mumbai,2024-08-16
531,Jason Henry,Hyderabad,2025-09-07
532,Peter Barnes,Pune,2025-10-20
533,Kimberly Summers,Delhi,2025-03-08
534,Christopher Watson,Delhi,2026-02-22
535,Gina Zamora,Mumbai,2025-11-25
536,Shawn Brooks,Mumbai,2025-11-26
537,Mindy Chavez,Hyderabad,2026-02-11
538,Michael Moore,Hyderabad,2025-04-26
539,Stacey Medina,Mumbai,2025-09-25
540,William Spence,Delhi,2025-09-26
541,James Thornton,Pune,2025-02-12
542,Dr. Edward Stevenson,Pune,2025-10-26
543,Stephen Crosby,Pune,2026-01-28
544,Michael Stephens,Pune,2025-06-13
545,Carla Delgado,Pune,2024-07-17
546,Caleb Hernandez,Mumbai,2025-05-15
547,Christopher Rhodes,Bangalore,2025-04-11
548,Joseph Wright,Bangalore,2025-05-13
549,Robin Myers,Hyderabad,2025-09-15
550,Teresa Garcia,Hyderabad,2024-03-24
551,Charles Gonzalez,Mumbai,2024-06-19
552,Jennifer Perez,Delhi,2025-09-03
553,Sean Cox,Bangalore,2024-04-26
554,Carl Perry,Bangalore,2025-02-16
555,Michael Huff,Delhi,2025-06-20
556,Ashley Martin,Hyderabad,2025-03-05
557,Dawn Khan,Pune,2024-08-12
558,Anna Lee,Hyderabad,2024-11-25
559,Kelly Hernandez,Bangalore,2025-09-24
560,David Gomez,Hyderabad,2024-04-24
561,Adrienne Holland,Hyderabad,2024-11-20
562,Brenda Howell,Hyderabad,2025-12-17
563,Anthony Griffith,Hyderabad,2024-12-24
564,Scott Martin,Hyderabad,2024-04-17
565,Michael Mack,Hyderabad,2025-10-04
566,Mary Gardner,Bangalore,2025-06-04
567,Teresa Summers,Mumbai,2024-03-20
568,Abigail Miller,Delhi,2024-06-08
569,Eric Scott MD,Hyderabad,2025-10-19
570,Kimberly Smith,Bangalore,2025-06-17
571,Amanda Jackson,Mumbai,2024-07-16
572,Timothy Page,Delhi,2024-06-17
573,Dr. Jackson Jackson,Pune,2025-11-04
574,Diana Cruz,Delhi,2025-09-12
575,Jennifer Mitchell,Delhi,2024-09-04
576,Christopher Hancock,Hyderabad,2024-11-14
577,Phyllis Nguyen,Hyderabad,2025-01-10
578,Ashley Sampson,Bangalore,2025-05-19
579,Amy Sanford,Pune,2024-10-16
580,Tara Price,Hyderabad,2024-05-12
581,Joseph Carter,Delhi,2025-11-22
582,Richard Campbell,Hyderabad,2025-07-06
583,Sean Russell,Delhi,2025-02-13
584,Dennis Figueroa,Bangalore,2025-07-23
585,Charles Castillo,Mumbai,2024-08-27
586,Katie Hansen,Delhi,2025-04-15
587,Jacqueline Johnson,Hyderabad,2026-01-09
588,Lori Malone,Hyderabad,2026-02-07
589,Dennis Casey,Mumbai,2024-08-14
590,Timothy Turner,Delhi,2025-02-08
591,Adrian Lane,Bangalore,2024-06-05
592,Kimberly Murphy,Mumbai,2024-04-19
593,Holly Huerta PhD,Delhi,2024-04-23
594,Vanessa Goodman,Delhi,2025-11-25
595,Anthony Adams PhD,Mumbai,2025-09-10
596,Jason Crawford,Bangalore,2025-10-03
597,Michele Hill,Hyderabad,2024-07-07
598,Michael Johnson,Mumbai,2025-12-16
599,Douglas Lopez,Bangalore,2024-04-18
600,Gabriel Wright,Pune,2025-03-17
